{"id":"mammal-elephant-trumpet","duration_seconds":1.44,"sample_rate":22050,"hop_seconds":0.05,"num_frames":29,"clip_level":{"tempo_bpm":120.05,"key_pitch_class":6,"key_mode":0},"tracks":[{"name":"features","description_en":"Six interpretable spectral features per frame","description_es":"Seis caracter\u00edsticas espectrales interpretables por cuadro","dim_labels":["spectral_centroid","spectral_rolloff","spectral_bandwidth","rms","zero_crossing_rate","spectral_flatness"],"values":[[0.0,0.0,0.0,0.0,0.0,1.0],[1.0,1.0,1.0,0.0,0.33880001306533813,1.0],[0.38429999351501465,0.5640000104904175,0.9006999731063843,0.25369998812675476,1.0,0.023499999195337296],[0.31119999289512634,0.4569000005722046,0.7964000105857849,0.6776000261306763,0.6611999869346619,0.0007999999797903001],[0.4643999934196472,0.6158000230789185,0.819100022315979,0.8185999989509583,0.018300000578165054,0.0],[0.5936999917030334,0.6514999866485596,0.7533000111579895,0.7638999819755554,0.2581999897956848,0.00419999985024333],[0.4848000109195709,0.5246000289916992,0.6514000296592712,0.8981999754905701,0.5788000226020813,0.0024999999441206455],[0.5317999720573425,0.5665000081062317,0.6572999954223633,1.0,0.6977999806404114,0.003100000089034438],[0.5860000252723694,0.6207000017166138,0.715499997138977,0.8662999868392944,0.809499979019165,0.010300000198185444],[0.6040999889373779,0.6589000225067139,0.7526000142097473,0.6567000150680542,0.8700000047683716,0.010200000368058681],[0.6488000154495239,0.6662999987602234,0.7714999914169312,0.6549999713897705,0.9103000164031982,0.007199999876320362],[0.6513000130653381,0.7426000237464905,0.8119999766349792,0.6370999813079834,0.9944999814033508,0.00430000014603138],[0.6922000050544739,0.7796000242233276,0.8173999786376953,0.6110000014305115,0.9779999852180481,0.007699999958276749],[0.6237999796867371,0.661300003528595,0.7376000285148621,0.8190000057220459,0.9266999959945679,0.01080000028014183],[0.5647000074386597,0.571399986743927,0.6876999735832214,0.8736000061035156,0.8352000117301941,0.005100000184029341],[0.5480999946594238,0.5579000115394592,0.6425999999046326,0.746399998664856,0.7454000115394592,0.010200000368058681],[0.44530001282691956,0.47040000557899475,0.6104000210762024,0.671999990940094,0.6611999869346619,0.0024999999441206455],[0.4641999900341034,0.5073999762535095,0.6291000247001648,0.5274999737739563,0.6337000131607056,0.004399999976158142],[0.43459999561309814,0.44830000400543213,0.5985999703407288,0.3416000008583069,0.6244999766349792,0.002199999988079071],[0.42570000886917114,0.44699999690055847,0.6136999726295471,0.28519999980926514,0.4578999876976013,0.002099999925121665],[0.39149999618530273,0.44830000400543213,0.6545000076293945,0.22669999301433563,0.41029998660087585,0.0032999999821186066],[0.4327000081539154,0.47540000081062317,0.680899977684021,0.1387999951839447,0.4779999852180481,0.006399999838322401],[0.4357999861240387,0.48399999737739563,0.6863999962806702,0.11860000342130661,0.5329999923706055,0.00930000003427267],[0.43299999833106995,0.48890000581741333,0.7035999894142151,0.09099999815225601,0.48899999260902405,0.01140000019222498],[0.40540000796318054,0.5455999970436096,0.7409999966621399,0.07180000096559525,0.4120999872684479,0.009800000116229057],[0.42660000920295715,0.5393999814987183,0.7409999966621399,0.06889999657869339,0.4065999984741211,0.016100000590085983],[0.40380001068115234,0.47290000319480896,0.7182999849319458,0.07169999927282333,0.4634000062942505,0.010300000198185444],[0.4207000136375427,0.5048999786376953,0.7222999930381775,0.11659999936819077,0.4724999964237213,0.009100000374019146],[0.3691999912261963,0.3953000009059906,0.6330000162124634,0.14090000092983246,0.3370000123977661,0.003800000064074993]]},{"name":"pca","description_en":"6-dimensional PCA projection of MFCC frames","description_es":"Proyecci\u00f3n PCA de 6 dimensiones de los cuadros MFCC","dim_labels":["D1","D2","D3","D4","D5","D6"],"values":[[0.0,0.0,0.5824999809265137,0.0,1.0,0.0],[0.0,0.0,0.5824999809265137,0.0,1.0,0.0],[0.0502999983727932,0.22579999268054962,1.0,0.7305999994277954,0.9782000184059143,0.2653000056743622],[0.7484999895095825,0.5302000045776367,0.8981000185012817,1.0,0.7315999865531921,0.6743999719619751],[0.7524999976158142,0.4876999855041504,0.33820000290870667,0.6159999966621399,0.33899998664855957,0.8355000019073486],[0.9239000082015991,0.41350001096725464,0.08869999647140503,0.28540000319480896,0.26899999380111694,0.8252000212669373],[0.9348000288009644,0.8019000291824341,0.08179999887943268,0.25619998574256897,0.10400000214576721,0.6668000221252441],[0.9796000123023987,0.6220999956130981,0.0,0.593500018119812,0.0,1.0],[1.0,0.37529999017715454,0.050999999046325684,0.6603999733924866,0.1526000052690506,0.8238000273704529],[0.9251999855041504,0.2556999921798706,0.2549000084400177,0.5181000232696533,0.33869999647140503,0.7379999756813049],[0.9020000100135803,0.3269999921321869,0.24140000343322754,0.44920000433921814,0.3441999852657318,0.4596000015735626],[0.8611999750137329,0.388700008392334,0.260699987411499,0.3605000078678131,0.2881999909877777,0.7925999760627747],[0.8655999898910522,0.24690000712871552,0.366100013256073,0.42340001463890076,0.30720001459121704,0.5605999827384949],[0.9879999756813049,0.15369999408721924,0.2939000129699707,0.1736000031232834,0.3578999936580658,0.5407000184059143],[0.9236000180244446,0.3449000120162964,0.16200000047683716,0.4194999933242798,0.296999990940094,0.7921000123023987],[0.9571999907493591,0.6848999857902527,0.12250000238418579,0.35120001435279846,0.16439999639987946,0.31790000200271606],[0.8565000295639038,0.9217000007629395,0.1940000057220459,0.5903000235557556,0.08330000191926956,0.6809999942779541],[0.7797999978065491,0.8066999912261963,0.2858999967575073,0.5701000094413757,0.021700000390410423,0.5612999796867371],[0.6944000124931335,0.9562000036239624,0.20059999823570251,0.8023999929428101,0.23800000548362732,0.675599992275238],[0.6114000082015991,1.0,0.29339998960494995,0.6762999892234802,0.2745000123977661,0.42410001158714294],[0.5489000082015991,0.9121000170707703,0.49880000948905945,0.718500018119812,0.3896999955177307,0.5253000259399414],[0.5167999863624573,0.8658999800682068,0.519599974155426,0.7107999920845032,0.4677000045776367,0.52920001745224],[0.4862000048160553,0.8356000185012817,0.532800018787384,0.7796000242233276,0.44269999861717224,0.45210000872612],[0.462799996137619,0.8389999866485596,0.625,0.560699999332428,0.4952999949455261,0.5045999884605408],[0.37450000643730164,0.7448999881744385,0.8133999705314636,0.7257000207901001,0.4733999967575073,0.5058000087738037],[0.4066999852657318,0.7937999963760376,0.7461000084877014,0.5817999839782715,0.5087000131607056,0.5001999735832214],[0.3862999975681305,0.8237000107765198,0.7342000007629395,0.28529998660087585,0.5382999777793884,0.3012000024318695],[0.43529999256134033,0.7689999938011169,0.6833000183105469,0.5583999752998352,0.4244000017642975,0.3066999912261963],[0.4690000116825104,0.9569000005722046,0.6234999895095825,0.42489999532699585,0.5175999999046326,0.4724000096321106]]},{"name":"tsne","description_en":"6-dimensional TSNE projection of MFCC frames","description_es":"Proyecci\u00f3n TSNE de 6 dimensiones de los cuadros MFCC","dim_labels":["D1","D2","D3","D4","D5","D6"],